{"app":["/app-f036122fc7e9d71faa48.js"],"component---src-pages-404-js":["/component---src-pages-404-js-fd165f763cb4dc03167c.js"],"component---src-pages-contact-js":["/component---src-pages-contact-js-84aa2c5514b7883fa72e.js"],"component---src-pages-home-js":["/component---src-pages-home-js-d490ab2679631df12551.js"],"component---src-pages-index-js":["/component---src-pages-index-js-f112dfcbba31b3a43e6a.js"],"component---src-pages-story-js":["/component---src-pages-story-js-ce9a67a79e8b91eb78d8.js"],"component---src-pages-wines-js":["/component---src-pages-wines-js-b8ab186beef5d7e1009c.js"]}