{"errors":[],"warnings":[],"namedChunkGroups":{"app":{"chunks":[11,9,10,3],"assets":["webpack-runtime-520aa192dc9e17abc597.js","webpack-runtime-520aa192dc9e17abc597.js.map","framework-ff3ecd6b7d6d926391b6.js","framework-ff3ecd6b7d6d926391b6.js.map","styles.54283231f3fa5fa94126.css","styles-f7a64dad1c13bebc31fd.js","styles-f7a64dad1c13bebc31fd.js.map","app-f036122fc7e9d71faa48.js","app-f036122fc7e9d71faa48.js.map"],"children":{},"childAssets":{}},"component---src-pages-404-js":{"chunks":[0,4],"assets":["commons-ba667b783b4fec5377f4.js","commons-ba667b783b4fec5377f4.js.map","component---src-pages-404-js-fd165f763cb4dc03167c.js","component---src-pages-404-js-fd165f763cb4dc03167c.js.map"],"children":{},"childAssets":{}},"component---src-pages-contact-js":{"chunks":[0,1,5],"assets":["commons-ba667b783b4fec5377f4.js","commons-ba667b783b4fec5377f4.js.map","95d7698ceea85f124a8de595dac21b495dbd059a-62d131be1f18ccdc60ec.js","95d7698ceea85f124a8de595dac21b495dbd059a-62d131be1f18ccdc60ec.js.map","component---src-pages-contact-js-84aa2c5514b7883fa72e.js","component---src-pages-contact-js-84aa2c5514b7883fa72e.js.map"],"children":{},"childAssets":{}},"component---src-pages-home-js":{"chunks":[0,1,2],"assets":["commons-ba667b783b4fec5377f4.js","commons-ba667b783b4fec5377f4.js.map","95d7698ceea85f124a8de595dac21b495dbd059a-62d131be1f18ccdc60ec.js","95d7698ceea85f124a8de595dac21b495dbd059a-62d131be1f18ccdc60ec.js.map","component---src-pages-home-js-d490ab2679631df12551.js","component---src-pages-home-js-d490ab2679631df12551.js.map"],"children":{},"childAssets":{}},"component---src-pages-index-js":{"chunks":[0,1,2,6],"assets":["commons-ba667b783b4fec5377f4.js","commons-ba667b783b4fec5377f4.js.map","95d7698ceea85f124a8de595dac21b495dbd059a-62d131be1f18ccdc60ec.js","95d7698ceea85f124a8de595dac21b495dbd059a-62d131be1f18ccdc60ec.js.map","component---src-pages-home-js-d490ab2679631df12551.js","component---src-pages-home-js-d490ab2679631df12551.js.map","component---src-pages-index-js-f112dfcbba31b3a43e6a.js","component---src-pages-index-js-f112dfcbba31b3a43e6a.js.map"],"children":{},"childAssets":{}},"component---src-pages-story-js":{"chunks":[0,1,7],"assets":["commons-ba667b783b4fec5377f4.js","commons-ba667b783b4fec5377f4.js.map","95d7698ceea85f124a8de595dac21b495dbd059a-62d131be1f18ccdc60ec.js","95d7698ceea85f124a8de595dac21b495dbd059a-62d131be1f18ccdc60ec.js.map","component---src-pages-story-js-ce9a67a79e8b91eb78d8.js","component---src-pages-story-js-ce9a67a79e8b91eb78d8.js.map"],"children":{},"childAssets":{}},"component---src-pages-wines-js":{"chunks":[0,1,8],"assets":["commons-ba667b783b4fec5377f4.js","commons-ba667b783b4fec5377f4.js.map","95d7698ceea85f124a8de595dac21b495dbd059a-62d131be1f18ccdc60ec.js","95d7698ceea85f124a8de595dac21b495dbd059a-62d131be1f18ccdc60ec.js.map","component---src-pages-wines-js-b8ab186beef5d7e1009c.js","component---src-pages-wines-js-b8ab186beef5d7e1009c.js.map"],"children":{},"childAssets":{}}},"assetsByChunkName":{"app":["webpack-runtime-520aa192dc9e17abc597.js","framework-ff3ecd6b7d6d926391b6.js","styles.54283231f3fa5fa94126.css","styles-f7a64dad1c13bebc31fd.js","app-f036122fc7e9d71faa48.js"],"component---src-pages-404-js":["commons-ba667b783b4fec5377f4.js","component---src-pages-404-js-fd165f763cb4dc03167c.js"],"component---src-pages-contact-js":["commons-ba667b783b4fec5377f4.js","95d7698ceea85f124a8de595dac21b495dbd059a-62d131be1f18ccdc60ec.js","component---src-pages-contact-js-84aa2c5514b7883fa72e.js"],"component---src-pages-home-js":["commons-ba667b783b4fec5377f4.js","95d7698ceea85f124a8de595dac21b495dbd059a-62d131be1f18ccdc60ec.js","component---src-pages-home-js-d490ab2679631df12551.js"],"component---src-pages-index-js":["commons-ba667b783b4fec5377f4.js","95d7698ceea85f124a8de595dac21b495dbd059a-62d131be1f18ccdc60ec.js","component---src-pages-home-js-d490ab2679631df12551.js","component---src-pages-index-js-f112dfcbba31b3a43e6a.js"],"component---src-pages-story-js":["commons-ba667b783b4fec5377f4.js","95d7698ceea85f124a8de595dac21b495dbd059a-62d131be1f18ccdc60ec.js","component---src-pages-story-js-ce9a67a79e8b91eb78d8.js"],"component---src-pages-wines-js":["commons-ba667b783b4fec5377f4.js","95d7698ceea85f124a8de595dac21b495dbd059a-62d131be1f18ccdc60ec.js","component---src-pages-wines-js-b8ab186beef5d7e1009c.js"]}}